Workbook

Sheet Compras
A1: Total primera compra (Ignacio) | B1: 122251
A2: Total segunda compra (Ignacio) | B2: 61141
A3: Total tercera compra (Mindy) | B3: 11790
A4: Total cuarta compra (Joaquín - Pan choripán) | B4: 5570
A5: Total quinta compra (Joaquín - Empanadas) | B5: 46250
A7: Detalle | B7: Chorizo | C7: Lomo Liso | D7: Lomo vetado | E7: Costillar Chileno | F7: Costillar cerdo | G7: Trutro | H7: Pechuga | I7: Carbón | J7: Pan Choripán | K7: Trigo Mote (1kg) | L7: Huesillos (1kg) | M7: Chancaca y Azúcar | N7: Restante | O7: Pino (1a Empanada) | P7: Pino (2a Empanada) | Q7: Mechada | R7: Camarón Queso | S7: Queso | T7: Napolitana | U7: Total Fila
A8: Primera compra (Ignacio) | B8: 14670 | C8: 21226 | D8: 19560 | E8: 19238 | F8: 14957 | G8: 0 | H8: 0 | I8: 0 | J8: 0 | K8: 2490 | L8: 10990 | M8: 0 | N8: 19120 | O8: 0 | P8: 0 | Q8: 0 | R8: 0 | S8: 0 | T8: 0 | U8: =SUM(B8:T8)
A9: Segunda compra (Ignacio) | B9: 4890 | C9: 0 | D9: 33693 | E9: 0 | F9: 0 | G9: 16353 | H9: 6205 | I9: 0 | J9: 0 | K9: 0 | L9: 0 | M9: 0 | N9: 0 | O9: 0 | P9: 0 | Q9: 0 | R9: 0 | S9: 0 | T9: 0 | U9: =SUM(B9:T9)
A10: Tercera compra (Mindy) | B10: 0 | C10: 0 | D10: 0 | E10: 0 | F10: 0 | G10: 0 | H10: 0 | I10: 8400 | J10: 0 | K10: 0 | L10: 0 | M10: 3390 | N10: 0 | O10: 0 | P10: 0 | Q10: 0 | R10: 0 | S10: 0 | T10: 0 | U10: =SUM(B10:T10)
A11: Cuarta compra (Joaquín) | B11: 0 | C11: 0 | D11: 0 | E11: 0 | F11: 0 | G11: 0 | H11: 0 | I11: 0 | J11: 5570 | K11: 0 | L11: 0 | M11: 0 | N11: 0 | O11: 0 | P11: 0 | Q11: 0 | R11: 0 | S11: 0 | T11: 0 | U11: =SUM(B11:T11)
A12: Quinta compra (Joaquín - Empanadas) | B12: 0 | C12: 0 | D12: 0 | E12: 0 | F12: 0 | G12: 0 | H12: 0 | I12: 0 | J12: 0 | K12: 0 | L12: 0 | M12: 0 | N12: 0 | O12: 17500 | P12: 15000 | Q12: 6000 | R12: 3000 | S12: 2250 | T12: 2500 | U12: =SUM(B12:T12)
A13: Total | B13: =SUM(B8:B12) | C13: =SUM(C8:C12) | D13: =SUM(D8:D12) | E13: =SUM(E8:E12) | F13: =SUM(F8:F12) | G13: =SUM(G8:G12) | H13: =SUM(H8:H12) | I13: =SUM(I8:I12) | ... U13: =SUM(U8:U12)

Sheet Consumo por Integrante
A1: Integrante | B1: Chorizo | C1: Lomo Liso | D1: Lomo vetado | E1: Costillar Chileno | F1: Costillar cerdo | G1: Trutro | H1: Pechuga | I1: Carbón | J1: Pan Choripán | K1: Trigo Mote (1kg) | L1: Huesillos (1kg) | M1: Chancaca y Azúcar | N1: Restante | O1: Pino (1a Empanada) | P1: Pino (2a Empanada) | Q1: Mechada | R1: Camarón Queso | S1: Queso | T1: Napolitana
A2: Pamela | B2: Sí | C2: Sí | D2: Sí | E2: Sí | F2: Sí | G2: Sí | H2: Sí | I2: Sí | J2: Sí | K2: Sí | L2: Sí | M2: Sí | N2: Sí | O2: Sí | P2: Sí | Q2: No | R2: No | S2: No | T2: No
A3: Cote | B3: Sí | C3: Sí | D3: Sí | E3: Sí | F3: Sí | G3: Sí | H3: Sí | I3: Sí | J3: Sí | K3: Sí | L3: Sí | M3: Sí | N3: Sí | O3: No | P3: No | Q3: No | R3: No | S3: Sí | T3: Sí
A4: Joaquín | B4: Sí | C4: Sí | D4: Sí | E4: Sí | F4: Sí | G4: Sí | H4: Sí | I4: Sí | J4: Sí | K4: Sí | L4: Sí | M4: Sí | N4: Sí | O4: Sí | P4: Sí | Q4: No | R4: No | S4: No | T4: No
A5: Ignacio | B5: Sí | C5: Sí | D5: Sí | E5: Sí | F5: Sí | G5: Sí | H5: Sí | I5: Sí | J5: Sí | K5: Sí | L5: Sí | M5: Sí | N5: Sí | O5: Sí | P5: Sí | Q5: No | R5: No | S5: No | T5: No
A6: Quena | B6: Sí | C6: Sí | D6: Sí | E6: Sí | F6: Sí | G6: Sí | H6: Sí | I6: Sí | J6: Sí | K6: Sí | L6: Sí | M6: Sí | N6: Sí | O6: Sí | P6: Sí | Q6: No | R6: No | S6: No | T6: No
A7: Ale | B7: Sí | C7: Sí | D7: Sí | E7: Sí | F7: Sí | G7: Sí | H7: Sí | I7: Sí | J7: Sí | K7: Sí | L7: Sí | M7: Sí | N7: Sí | O7: No | P7: No | Q7: Sí | R7: No | S7: No | T7: No
A8: Mauri | B8: Sí | C8: Sí | D8: Sí | E8: Sí | F8: Sí | G8: Sí | H8: Sí | I8: Sí | J8: Sí | K8: Sí | L8: Sí | M8: Sí | N8: Sí | O8: Sí | P8: Sí | Q8: No | R8: No | S8: No | T8: No
A9: Mindy | B9: Sí | C9: Sí | D9: Sí | E9: Sí | F9: Sí | G9: Sí | H9: Sí | I9: Sí | J9: Sí | K9: Sí | L9: Sí | M9: Sí | N9: Sí | O9: Sí | P9: No | Q9: No | R9: No | S9: No | T9: No
A10: Monse | B10: No | C10: No | D10: No | E10: No | F10: No | G10: No | H10: No | I10: No | J10: No | K10: Sí | L10: Sí | M10: Sí | N10: Sí | O10: No | P10: No | Q10: No | R10: No | S10: No | T10: No
A11: Gustavo | B11: Sí | C11: Sí | D11: Sí | E11: Sí | F11: Sí | G11: Sí | H11: Sí | I11: Sí | J11: Sí | K11: Sí | L11: Sí | M11: Sí | N11: Sí | O11: Sí | P11: Sí | Q11: No | R11: No | S11: No | T11: No
A12: Coni | B12: Sí | C12: Sí | D12: Sí | E12: Sí | F12: Sí | G12: Sí | H12: Sí | I12: Sí | J12: Sí | K12: Sí | L12: Sí | M12: Sí | N12: Sí | O12: No | P12: No | Q12: No | R12: No | S12: No | T12: No
... A17: Franklin | B17: Sí | C17: Sí | D17: Sí | E17: Sí | F17: Sí | G17: Sí | H17: Sí | I17: Sí | J17: Sí | K17: Sí | L17: Sí | M17: Sí | N17: Sí | O17: No | P17: No | Q17: Sí | R17: Sí | S17: No | T17: No
A18: Total Consumidores | B18: =COUNTIF(B2:B17, "Sí") | C18: =COUNTIF(C2:C17, "Sí") | D18: =COUNTIF(D2:D17, "Sí") | E18: =COUNTIF(E2:E17, "Sí") | F18: =COUNTIF(F2:F17, "Sí") | G18: =COUNTIF(G2:G17, "Sí") | H18: =COUNTIF(H2:H17, "Sí") | I18: =COUNTIF(I2:I17, "Sí") | ... T18: =COUNTIF(T2:T17, "Sí")

Sheet División de Cuentas
A1: Integrante | B1: Consumo Propio | C1: Aporte Cuota Quena (1/4) | D1: Total Cuota a Pagar | E1: Aportado en Compras | F1: Saldo a Liquidar | G1: Destinatario / Acción | H1: Estado
A2: Pamela | B2: =ROUND(IF('Consumo por Integrante'!B2="Sí", Compras!B$13 / 'Consumo por Integrante'!B$18, 0) + IF('Consumo por Integrante'!C2="Sí", Compras!C$13 / 'Consumo por Integrante'!C$18, 0) + IF('Consumo por Integrante'!D2="Sí", Compras!D$13 / 'Consumo por Integrante'!D$18, 0) + IF('Consumo por Integrante'!E2="Sí", Compras!E$13 / 'Consumo por Integrante'!E$18, 0) + IF('Consumo por Integrante'!F2="Sí", Compras!F$13 / 'Consumo por Integrante'!F$18, 0) + IF('Consumo por Integrante'!G2="Sí", Compras!G$13 / 'Consumo por Integrante'!G$18, 0) + IF('Consumo por Integrante'!H2="Sí", Compras!H$13 / 'Consumo por Integrante'!H$18, 0) + IF('Consumo por Integrante'!I2="Sí", Compras!I$13 / 'Consumo por Integrante'!I$18, 0) + IF('Consumo por Integrante'!J2="Sí", Compras!J$13 / 'Consumo por Integrante'!J$18, 0) + IF('Consumo por Integrante'!K2="Sí", Compras!K$13 / 'Consumo por Integrante'!K$18, 0) + IF('Consumo por Integrante'!L2="Sí", Compras!L$13 / 'Consumo por Integrante'!L$18, 0) + IF('Consumo por Integrante'!M2="Sí", Compras!M$13 / 'Consumo por Integrante'!M$18, 0) + IF('Consumo por Integrante'!N2="Sí", Compras!N$13 / 'Consumo por Integrante'!N$18, 0) + IF('Consumo por Integrante'!O2="Sí", Compras!O$13 / 'Consumo por Integrante'!O$18, 0) + IF('Consumo por Integrante'!P2="Sí", Compras!P$13 / 'Consumo por Integrante'!P$18, 0) + IF('Consumo por Integrante'!Q2="Sí", Compras!Q$13 / 'Consumo por Integrante'!Q$18, 0) + IF('Consumo por Integrante'!R2="Sí", Compras!R$13 / 'Consumo por Integrante'!R$18, 0) + IF('Consumo por Integrante'!S2="Sí", Compras!S$13 / 'Consumo por Integrante'!S$18, 0) + IF('Consumo por Integrante'!T2="Sí", Compras!T$13 / 'Consumo por Integrante'!T$18, 0), 0) | C2: =ROUND(B$6/4, 0) | D2: =B2+C2 | E2: 0 | F2: =IF(D2-E2>0, D2-E2, 0) | G2: Transfiere a Ignacio | H2: Pagado
A3: Cote | B3: =ROUND(IF('Consumo por Integrante'!B3="Sí", Compras!B$13 / 'Consumo por Integrante'!B$18, 0) + IF('Consumo por Integrante'!C3="Sí", Compras!C$13 / 'Consumo por Integrante'!C$18, 0) + IF('Consumo por Integrante'!D3="Sí", Compras!D$13 / 'Consumo por Integrante'!D$18, 0) + IF('Consumo por Integrante'!E3="Sí", Compras!E$13 / 'Consumo por Integrante'!E$18, 0) + IF('Consumo por Integrante'!F3="Sí", Compras!F$13 / 'Consumo por Integrante'!F$18, 0) + IF('Consumo por Integrante'!G3="Sí", Compras!G$13 / 'Consumo por Integrante'!G$18, 0) + IF('Consumo por Integrante'!H3="Sí", Compras!H$13 / 'Consumo por Integrante'!H$18, 0) + IF('Consumo por Integrante'!I3="Sí", Compras!I$13 / 'Consumo por Integrante'!I$18, 0) + IF('Consumo por Integrante'!J3="Sí", Compras!J$13 / 'Consumo por Integrante'!J$18, 0) + IF('Consumo por Integrante'!K3="Sí", Compras!K$13 / 'Consumo por Integrante'!K$18, 0) + IF('Consumo por Integrante'!L3="Sí", Compras!L$13 / 'Consumo por Integrante'!L$18, 0) + IF('Consumo por Integrante'!M3="Sí", Compras!M$13 / 'Consumo por Integrante'!M$18, 0) + IF('Consumo por Integrante'!N3="Sí", Compras!N$13 / 'Consumo por Integrante'!N$18, 0) + IF('Consumo por Integrante'!O3="Sí", Compras!O$13 / 'Consumo por Integrante'!O$18, 0) + IF('Consumo por Integrante'!P3="Sí", Compras!P$13 / 'Consumo por Integrante'!P$18, 0) + IF('Consumo por Integrante'!Q3="Sí", Compras!Q$13 / 'Consumo por Integrante'!Q$18, 0) + IF('Consumo por Integrante'!R3="Sí", Compras!R$13 / 'Consumo por Integrante'!R$18, 0) + IF('Consumo por Integrante'!S3="Sí", Compras!S$13 / 'Consumo por Integrante'!S$18, 0) + IF('Consumo por Integrante'!T3="Sí", Compras!T$13 / 'Consumo por Integrante'!T$18, 0), 0) | C3: 0 | D3: =B3+C3 | E3: 0 | F3: =IF(D3-E3>0, D3-E3, 0) | G3: Transfiere a Ignacio | H3: Pagado
A4: Joaquín | B4: =ROUND(IF('Consumo por Integrante'!B4="Sí", Compras!B$13 / 'Consumo por Integrante'!B$18, 0) + IF('Consumo por Integrante'!C4="Sí", Compras!C$13 / 'Consumo por Integrante'!C$18, 0) + IF('Consumo por Integrante'!D4="Sí", Compras!D$13 / 'Consumo por Integrante'!D$18, 0) + IF('Consumo por Integrante'!E4="Sí", Compras!E$13 / 'Consumo por Integrante'!E$18, 0) + IF('Consumo por Integrante'!F4="Sí", Compras!F$13 / 'Consumo por Integrante'!F$18, 0) + IF('Consumo por Integrante'!G4="Sí", Compras!G$13 / 'Consumo por Integrante'!G$18, 0) + IF('Consumo por Integrante'!H4="Sí", Compras!H$13 / 'Consumo por Integrante'!H$18, 0) + IF('Consumo por Integrante'!I4="Sí", Compras!I$13 / 'Consumo por Integrante'!I$18, 0) + IF('Consumo por Integrante'!J4="Sí", Compras!J$13 / 'Consumo por Integrante'!J$18, 0) + IF('Consumo por Integrante'!K4="Sí", Compras!K$13 / 'Consumo por Integrante'!K$18, 0) + IF('Consumo por Integrante'!L4="Sí", Compras!L$13 / 'Consumo por Integrante'!L$18, 0) + IF('Consumo por Integrante'!M4="Sí", Compras!M$13 / 'Consumo por Integrante'!M$18, 0) + IF('Consumo por Integrante'!N4="Sí", Compras!N$13 / 'Consumo por Integrante'!N$18, 0) + IF('Consumo por Integrante'!O4="Sí", Compras!O$13 / 'Consumo por Integrante'!O$18, 0) + IF('Consumo por Integrante'!P4="Sí", Compras!P$13 / 'Consumo por Integrante'!P$18, 0) + IF('Consumo por Integrante'!Q4="Sí", Compras!Q$13 / 'Consumo por Integrante'!Q$18, 0) + IF('Consumo por Integrante'!R4="Sí", Compras!R$13 / 'Consumo por Integrante'!R$18, 0) + IF('Consumo por Integrante'!S4="Sí", Compras!S$13 / 'Consumo por Integrante'!S$18, 0) + IF('Consumo por Integrante'!T4="Sí", Compras!T$13 / 'Consumo por Integrante'!T$18, 0), 0) | C4: =ROUND(B$6/4, 0) | D4: =B4+C4 | E4: 51820 | F4: =E4-D4 | G4: Ignacio le transfiere (Saldo a favor) | H4: A favor (Recibe)
A5: Ignacio | B5: =ROUND(IF('Consumo por Integrante'!B5="Sí", Compras!B$13 / 'Consumo por Integrante'!B$18, 0) + IF('Consumo por Integrante'!C5="Sí", Compras!C$13 / 'Consumo por Integrante'!C$18, 0) + IF('Consumo por Integrante'!D5="Sí", Compras!D$13 / 'Consumo por Integrante'!D$18, 0) + IF('Consumo por Integrante'!E5="Sí", Compras!E$13 / 'Consumo por Integrante'!E$18, 0) + IF('Consumo por Integrante'!F5="Sí", Compras!F$13 / 'Consumo por Integrante'!F$18, 0) + IF('Consumo por Integrante'!G5="Sí", Compras!G$13 / 'Consumo por Integrante'!G$18, 0) + IF('Consumo por Integrante'!H5="Sí", Compras!H$13 / 'Consumo por Integrante'!H$18, 0) + IF('Consumo por Integrante'!I5="Sí", Compras!I$13 / 'Consumo por Integrante'!I$18, 0) + IF('Consumo por Integrante'!J5="Sí", Compras!J$13 / 'Consumo por Integrante'!J$18, 0) + IF('Consumo por Integrante'!K5="Sí", Compras!K$13 / 'Consumo por Integrante'!K$18, 0) + IF('Consumo por Integrante'!L5="Sí", Compras!L$13 / 'Consumo por Integrante'!L$18, 0) + IF('Consumo por Integrante'!M5="Sí", Compras!M$13 / 'Consumo por Integrante'!M$18, 0) + IF('Consumo por Integrante'!N5="Sí", Compras!N$13 / 'Consumo por Integrante'!N$18, 0) + IF('Consumo por Integrante'!O5="Sí", Compras!O$13 / 'Consumo por Integrante'!O$18, 0) + IF('Consumo por Integrante'!P5="Sí", Compras!P$13 / 'Consumo por Integrante'!P$18, 0) + IF('Consumo por Integrante'!Q5="Sí", Compras!Q$13 / 'Consumo por Integrante'!Q$18, 0) + IF('Consumo por Integrante'!R5="Sí", Compras!R$13 / 'Consumo por Integrante'!R$18, 0) + IF('Consumo por Integrante'!S5="Sí", Compras!S$13 / 'Consumo por Integrante'!S$18, 0) + IF('Consumo por Integrante'!T5="Sí", Compras!T$13 / 'Consumo por Integrante'!T$18, 0), 0) | C5: 0 | D5: =B5+C5 | E5: 183392 | F5: =E5-B5 | G5: Organizador (Recauda $193.121) | H5: Organizador
A6: Quena | B6: =ROUND(IF('Consumo por Integrante'!B6="Sí", Compras!B$13 / 'Consumo por Integrante'!B$18, 0) + IF('Consumo por Integrante'!C6="Sí", Compras!C$13 / 'Consumo por Integrante'!C$18, 0) + IF('Consumo por Integrante'!D6="Sí", Compras!D$13 / 'Consumo por Integrante'!D$18, 0) + IF('Consumo por Integrante'!E6="Sí", Compras!E$13 / 'Consumo por Integrante'!E$18, 0) + IF('Consumo por Integrante'!F6="Sí", Compras!F$13 / 'Consumo por Integrante'!F$18, 0) + IF('Consumo por Integrante'!G6="Sí", Compras!G$13 / 'Consumo por Integrante'!G$18, 0) + IF('Consumo por Integrante'!H6="Sí", Compras!H$13 / 'Consumo por Integrante'!H$18, 0) + IF('Consumo por Integrante'!I6="Sí", Compras!I$13 / 'Consumo por Integrante'!I$18, 0) + IF('Consumo por Integrante'!J6="Sí", Compras!J$13 / 'Consumo por Integrante'!J$18, 0) + IF('Consumo por Integrante'!K6="Sí", Compras!K$13 / 'Consumo por Integrante'!K$18, 0) + IF('Consumo por Integrante'!L6="Sí", Compras!L$13 / 'Consumo por Integrante'!L$18, 0) + IF('Consumo por Integrante'!M6="Sí", Compras!M$13 / 'Consumo por Integrante'!M$18, 0) + IF('Consumo por Integrante'!N6="Sí", Compras!N$13 / 'Consumo por Integrante'!N$18, 0) + IF('Consumo por Integrante'!O6="Sí", Compras!O$13 / 'Consumo por Integrante'!O$18, 0) + IF('Consumo por Integrante'!P6="Sí", Compras!P$13 / 'Consumo por Integrante'!P$18, 0) + IF('Consumo por Integrante'!Q6="Sí", Compras!Q$13 / 'Consumo por Integrante'!Q$18, 0) + IF('Consumo por Integrante'!R6="Sí", Compras!R$13 / 'Consumo por Integrante'!R$18, 0) + IF('Consumo por Integrante'!S6="Sí", Compras!S$13 / 'Consumo por Integrante'!S$18, 0) + IF('Consumo por Integrante'!T6="Sí", Compras!T$13 / 'Consumo por Integrante'!T$18, 0), 0) | C6: =-B6 | D6: 0 | E6: 0 | F6: 0 | G6: Cubierto por familiares | H6: Cubierto
A7: Ale | B7: =ROUND(IF('Consumo por Integrante'!B7="Sí", Compras!B$13 / 'Consumo por Integrante'!B$18, 0) + IF('Consumo por Integrante'!C7="Sí", Compras!C$13 / 'Consumo por Integrante'!C$18, 0) + IF('Consumo por Integrante'!D7="Sí", Compras!D$13 / 'Consumo por Integrante'!D$18, 0) + IF('Consumo por Integrante'!E7="Sí", Compras!E$13 / 'Consumo por Integrante'!E$18, 0) + IF('Consumo por Integrante'!F7="Sí", Compras!F$13 / 'Consumo por Integrante'!F$18, 0) + IF('Consumo por Integrante'!G7="Sí", Compras!G$13 / 'Consumo por Integrante'!G$18, 0) + IF('Consumo por Integrante'!H7="Sí", Compras!H$13 / 'Consumo por Integrante'!H$18, 0) + IF('Consumo por Integrante'!I7="Sí", Compras!I$13 / 'Consumo por Integrante'!I$18, 0) + IF('Consumo por Integrante'!J7="Sí", Compras!J$13 / 'Consumo por Integrante'!J$18, 0) + IF('Consumo por Integrante'!K7="Sí", Compras!K$13 / 'Consumo por Integrante'!K$18, 0) + IF('Consumo por Integrante'!L7="Sí", Compras!L$13 / 'Consumo por Integrante'!L$18, 0) + IF('Consumo por Integrante'!M7="Sí", Compras!M$13 / 'Consumo por Integrante'!M$18, 0) + IF('Consumo por Integrante'!N7="Sí", Compras!N$13 / 'Consumo por Integrante'!N$18, 0) + IF('Consumo por Integrante'!O7="Sí", Compras!O$13 / 'Consumo por Integrante'!O$18, 0) + IF('Consumo por Integrante'!P7="Sí", Compras!P$13 / 'Consumo por Integrante'!P$18, 0) + IF('Consumo por Integrante'!Q7="Sí", Compras!Q$13 / 'Consumo por Integrante'!Q$18, 0) + IF('Consumo por Integrante'!R7="Sí", Compras!R$13 / 'Consumo por Integrante'!R$18, 0) + IF('Consumo por Integrante'!S7="Sí", Compras!S$13 / 'Consumo por Integrante'!S$18, 0) + IF('Consumo por Integrante'!T7="Sí", Compras!T$13 / 'Consumo por Integrante'!T$18, 0), 0) | C7: =ROUND(B$6/4, 0) | D7: =B7+C7 | E7: 0 | F7: =IF(D7-E7>0, D7-E7, 0) | G7: Transfiere a Ignacio | H7: Pagado
A8: Mauri | B8: =ROUND(IF('Consumo por Integrante'!B8="Sí", Compras!B$13 / 'Consumo por Integrante'!B$18, 0) + IF('Consumo por Integrante'!C8="Sí", Compras!C$13 / 'Consumo por Integrante'!C$18, 0) + IF('Consumo por Integrante'!D8="Sí", Compras!D$13 / 'Consumo por Integrante'!D$18, 0) + IF('Consumo por Integrante'!E8="Sí", Compras!E$13 / 'Consumo por Integrante'!E$18, 0) + IF('Consumo por Integrante'!F8="Sí", Compras!F$13 / 'Consumo por Integrante'!F$18, 0) + IF('Consumo por Integrante'!G8="Sí", Compras!G$13 / 'Consumo por Integrante'!G$18, 0) + IF('Consumo por Integrante'!H8="Sí", Compras!H$13 / 'Consumo por Integrante'!H$18, 0) + IF('Consumo por Integrante'!I8="Sí", Compras!I$13 / 'Consumo por Integrante'!I$18, 0) + IF('Consumo por Integrante'!J8="Sí", Compras!J$13 / 'Consumo por Integrante'!J$18, 0) + IF('Consumo por Integrante'!K8="Sí", Compras!K$13 / 'Consumo por Integrante'!K$18, 0) + IF('Consumo por Integrante'!L8="Sí", Compras!L$13 / 'Consumo por Integrante'!L$18, 0) + IF('Consumo por Integrante'!M8="Sí", Compras!M$13 / 'Consumo por Integrante'!M$18, 0) + IF('Consumo por Integrante'!N8="Sí", Compras!N$13 / 'Consumo por Integrante'!N$18, 0) + IF('Consumo por Integrante'!O8="Sí", Compras!O$13 / 'Consumo por Integrante'!O$18, 0) + IF('Consumo por Integrante'!P8="Sí", Compras!P$13 / 'Consumo por Integrante'!P$18, 0) + IF('Consumo por Integrante'!Q8="Sí", Compras!Q$13 / 'Consumo por Integrante'!Q$18, 0) + IF('Consumo por Integrante'!R8="Sí", Compras!R$13 / 'Consumo por Integrante'!R$18, 0) + IF('Consumo por Integrante'!S8="Sí", Compras!S$13 / 'Consumo por Integrante'!S$18, 0) + IF('Consumo por Integrante'!T8="Sí", Compras!T$13 / 'Consumo por Integrante'!T$18, 0), 0) | C8: 0 | D8: =B8+C8 | E8: 0 | F8: =IF(D8-E8>0, D8-E8, 0) | G8: Transfiere a Ignacio | H8: Pagado
A9: Mindy | B9: =ROUND(IF('Consumo por Integrante'!B9="Sí", Compras!B$13 / 'Consumo por Integrante'!B$18, 0) + IF('Consumo por Integrante'!C9="Sí", Compras!C$13 / 'Consumo por Integrante'!C$18, 0) + IF('Consumo por Integrante'!D9="Sí", Compras!D$13 / 'Consumo por Integrante'!D$18, 0) + IF('Consumo por Integrante'!E9="Sí", Compras!E$13 / 'Consumo por Integrante'!E$18, 0) + IF('Consumo por Integrante'!F9="Sí", Compras!F$13 / 'Consumo por Integrante'!F$18, 0) + IF('Consumo por Integrante'!G9="Sí", Compras!G$13 / 'Consumo por Integrante'!G$18, 0) + IF('Consumo por Integrante'!H9="Sí", Compras!H$13 / 'Consumo por Integrante'!H$18, 0) + IF('Consumo por Integrante'!I9="Sí", Compras!I$13 / 'Consumo por Integrante'!I$18, 0) + IF('Consumo por Integrante'!J9="Sí", Compras!J$13 / 'Consumo por Integrante'!J$18, 0) + IF('Consumo por Integrante'!K9="Sí", Compras!K$13 / 'Consumo por Integrante'!K$18, 0) + IF('Consumo por Integrante'!L9="Sí", Compras!L$13 / 'Consumo por Integrante'!L$18, 0) + IF('Consumo por Integrante'!M9="Sí", Compras!M$13 / 'Consumo por Integrante'!M$18, 0) + IF('Consumo por Integrante'!N9="Sí", Compras!N$13 / 'Consumo por Integrante'!N$18, 0) + IF('Consumo por Integrante'!O9="Sí", Compras!O$13 / 'Consumo por Integrante'!O$18, 0) + IF('Consumo por Integrante'!P9="Sí", Compras!P$13 / 'Consumo por Integrante'!P$18, 0) + IF('Consumo por Integrante'!Q9="Sí", Compras!Q$13 / 'Consumo por Integrante'!Q$18, 0) + IF('Consumo por Integrante'!R9="Sí", Compras!R$13 / 'Consumo por Integrante'!R$18, 0) + IF('Consumo por Integrante'!S9="Sí", Compras!S$13 / 'Consumo por Integrante'!S$18, 0) + IF('Consumo por Integrante'!T9="Sí", Compras!T$13 / 'Consumo por Integrante'!T$18, 0), 0) | C9: =ROUND(B$6/4, 0) | D9: =B9+C9 | E9: 11790 | F9: =IF(D9-E9>0, D9-E9, 0) | G9: Transfiere a Ignacio | H9: Pagado
A10: Monse | B10: =ROUND(IF('Consumo por Integrante'!B10="Sí", Compras!B$13 / 'Consumo por Integrante'!B$18, 0) + IF('Consumo por Integrante'!C10="Sí", Compras!C$13 / 'Consumo por Integrante'!C$18, 0) + IF('Consumo por Integrante'!D10="Sí", Compras!D$13 / 'Consumo por Integrante'!D$18, 0) + IF('Consumo por Integrante'!E10="Sí", Compras!E$13 / 'Consumo por Integrante'!E$18, 0) + IF('Consumo por Integrante'!F10="Sí", Compras!F$13 / 'Consumo por Integrante'!F$18, 0) + IF('Consumo por Integrante'!G10="Sí", Compras!G$13 / 'Consumo por Integrante'!G$18, 0) + IF('Consumo por Integrante'!H10="Sí", Compras!H$13 / 'Consumo por Integrante'!H$18, 0) + IF('Consumo por Integrante'!I10="Sí", Compras!I$13 / 'Consumo por Integrante'!I$18, 0) + IF('Consumo por Integrante'!J10="Sí", Compras!J$13 / 'Consumo por Integrante'!J$18, 0) + IF('Consumo por Integrante'!K10="Sí", Compras!K$13 / 'Consumo por Integrante'!K$18, 0) + IF('Consumo por Integrante'!L10="Sí", Compras!L$13 / 'Consumo por Integrante'!L$18, 0) + IF('Consumo por Integrante'!M10="Sí", Compras!M$13 / 'Consumo por Integrante'!M$18, 0) + IF('Consumo por Integrante'!N10="Sí", Compras!N$13 / 'Consumo por Integrante'!N$18, 0) + IF('Consumo por Integrante'!O10="Sí", Compras!O$13 / 'Consumo por Integrante'!O$18, 0) + IF('Consumo por Integrante'!P10="Sí", Compras!P$13 / 'Consumo por Integrante'!P$18, 0) + IF('Consumo por Integrante'!Q10="Sí", Compras!Q$13 / 'Consumo por Integrante'!Q$18, 0) + IF('Consumo por Integrante'!R10="Sí", Compras!R$13 / 'Consumo por Integrante'!R$18, 0) + IF('Consumo por Integrante'!S10="Sí", Compras!S$13 / 'Consumo por Integrante'!S$18, 0) + IF('Consumo por Integrante'!T10="Sí", Compras!T$13 / 'Consumo por Integrante'!T$18, 0), 0) | C10: 0 | D10: =B10+C10 | E10: 0 | F10: =IF(D10-E10>0, D10-E10, 0) | G10: Transfiere a Ignacio | H10: Pagado
A11: Gustavo | B11: =ROUND(IF('Consumo por Integrante'!B11="Sí", Compras!B$13 / 'Consumo por Integrante'!B$18, 0) + IF('Consumo por Integrante'!C11="Sí", Compras!C$13 / 'Consumo por Integrante'!C$18, 0) + IF('Consumo por Integrante'!D11="Sí", Compras!D$13 / 'Consumo por Integrante'!D$18, 0) + IF('Consumo por Integrante'!E11="Sí", Compras!E$13 / 'Consumo por Integrante'!E$18, 0) + IF('Consumo por Integrante'!F11="Sí", Compras!F$13 / 'Consumo por Integrante'!F$18, 0) + IF('Consumo por Integrante'!G11="Sí", Compras!G$13 / 'Consumo por Integrante'!G$18, 0) + IF('Consumo por Integrante'!H11="Sí", Compras!H$13 / 'Consumo por Integrante'!H$18, 0) + IF('Consumo por Integrante'!I11="Sí", Compras!I$13 / 'Consumo por Integrante'!I$18, 0) + IF('Consumo por Integrante'!J11="Sí", Compras!J$13 / 'Consumo por Integrante'!J$18, 0) + IF('Consumo por Integrante'!K11="Sí", Compras!K$13 / 'Consumo por Integrante'!K$18, 0) + IF('Consumo por Integrante'!L11="Sí", Compras!L$13 / 'Consumo por Integrante'!L$18, 0) + IF('Consumo por Integrante'!M11="Sí", Compras!M$13 / 'Consumo por Integrante'!M$18, 0) + IF('Consumo por Integrante'!N11="Sí", Compras!N$13 / 'Consumo por Integrante'!N$18, 0) + IF('Consumo por Integrante'!O11="Sí", Compras!O$13 / 'Consumo por Integrante'!O$18, 0) + IF('Consumo por Integrante'!P11="Sí", Compras!P$13 / 'Consumo por Integrante'!P$18, 0) + IF('Consumo por Integrante'!Q11="Sí", Compras!Q$13 / 'Consumo por Integrante'!Q$18, 0) + IF('Consumo por Integrante'!R11="Sí", Compras!R$13 / 'Consumo por Integrante'!R$18, 0) + IF('Consumo por Integrante'!S11="Sí", Compras!S$13 / 'Consumo por Integrante'!S$18, 0) + IF('Consumo por Integrante'!T11="Sí", Compras!T$13 / 'Consumo por Integrante'!T$18, 0), 0) | C11: 0 | D11: =B11+C11 | E11: 0 | F11: =IF(D11-E11>0, D11-E11, 0) | G11: Transfiere a Ignacio | H11: Pagado
A12: Coni | B12: =ROUND(IF('Consumo por Integrante'!B12="Sí", Compras!B$13 / 'Consumo por Integrante'!B$18, 0) + IF('Consumo por Integrante'!C12="Sí", Compras!C$13 / 'Consumo por Integrante'!C$18, 0) + IF('Consumo por Integrante'!D12="Sí", Compras!D$13 / 'Consumo por Integrante'!D$18, 0) + IF('Consumo por Integrante'!E12="Sí", Compras!E$13 / 'Consumo por Integrante'!E$18, 0) + IF('Consumo por Integrante'!F12="Sí", Compras!F$13 / 'Consumo por Integrante'!F$18, 0) + IF('Consumo por Integrante'!G12="Sí", Compras!G$13 / 'Consumo por Integrante'!G$18, 0) + IF('Consumo por Integrante'!H12="Sí", Compras!H$13 / 'Consumo por Integrante'!H$18, 0) + IF('Consumo por Integrante'!I12="Sí", Compras!I$13 / 'Consumo por Integrante'!I$18, 0) + IF('Consumo por Integrante'!J12="Sí", Compras!J$13 / 'Consumo por Integrante'!J$18, 0) + IF('Consumo por Integrante'!K12="Sí", Compras!K$13 / 'Consumo por Integrante'!K$18, 0) + IF('Consumo por Integrante'!L12="Sí", Compras!L$13 / 'Consumo por Integrante'!L$18, 0) + IF('Consumo por Integrante'!M12="Sí", Compras!M$13 / 'Consumo por Integrante'!M$18, 0) + IF('Consumo por Integrante'!N12="Sí", Compras!N$13 / 'Consumo por Integrante'!N$18, 0) + IF('Consumo por Integrante'!O12="Sí", Compras!O$13 / 'Consumo por Integrante'!O$18, 0) + IF('Consumo por Integrante'!P12="Sí", Compras!P$13 / 'Consumo por Integrante'!P$18, 0) + IF('Consumo por Integrante'!Q12="Sí", Compras!Q$13 / 'Consumo por Integrante'!Q$18, 0) + IF('Consumo por Integrante'!R12="Sí", Compras!R$13 / 'Consumo por Integrante'!R$18, 0) + IF('Consumo por Integrante'!S12="Sí", Compras!S$13 / 'Consumo por Integrante'!S$18, 0) + IF('Consumo por Integrante'!T12="Sí", Compras!T$13 / 'Consumo por Integrante'!T$18, 0), 0) | C12: 0 | D12: =B12+C12 | E12: 0 | F12: =IF(D12-E12>0, D12-E12, 0) | G12: Transfiere a Ignacio | H12: Pendiente
A13: Myriam | B13: =ROUND(IF('Consumo por Integrante'!B13="Sí", Compras!B$13 / 'Consumo por Integrante'!B$18, 0) + IF('Consumo por Integrante'!C13="Sí", Compras!C$13 / 'Consumo por Integrante'!C$18, 0) + IF('Consumo por Integrante'!D13="Sí", Compras!D$13 / 'Consumo por Integrante'!D$18, 0) + IF('Consumo por Integrante'!E13="Sí", Compras!E$13 / 'Consumo por Integrante'!E$18, 0) + IF('Consumo por Integrante'!F13="Sí", Compras!F$13 / 'Consumo por Integrante'!F$18, 0) + IF('Consumo por Integrante'!G13="Sí", Compras!G$13 / 'Consumo por Integrante'!G$18, 0) + IF('Consumo por Integrante'!H13="Sí", Compras!H$13 / 'Consumo por Integrante'!H$18, 0) + IF('Consumo por Integrante'!I13="Sí", Compras!I$13 / 'Consumo por Integrante'!I$18, 0) + IF('Consumo por Integrante'!J13="Sí", Compras!J$13 / 'Consumo por Integrante'!J$18, 0) + IF('Consumo por Integrante'!K13="Sí", Compras!K$13 / 'Consumo por Integrante'!K$18, 0) + IF('Consumo por Integrante'!L13="Sí", Compras!L$13 / 'Consumo por Integrante'!L$18, 0) + IF('Consumo por Integrante'!M13="Sí", Compras!M$13 / 'Consumo por Integrante'!M$18, 0) + IF('Consumo por Integrante'!N13="Sí", Compras!N$13 / 'Consumo por Integrante'!N$18, 0) + IF('Consumo por Integrante'!O13="Sí", Compras!O$13 / 'Consumo por Integrante'!O$18, 0) + IF('Consumo por Integrante'!P13="Sí", Compras!P$13 / 'Consumo por Integrante'!P$18, 0) + IF('Consumo por Integrante'!Q13="Sí", Compras!Q$13 / 'Consumo por Integrante'!Q$18, 0) + IF('Consumo por Integrante'!R13="Sí", Compras!R$13 / 'Consumo por Integrante'!R$18, 0) + IF('Consumo por Integrante'!S13="Sí", Compras!S$13 / 'Consumo por Integrante'!S$18, 0) + IF('Consumo por Integrante'!T13="Sí", Compras!T$13 / 'Consumo por Integrante'!T$18, 0), 0) | C13: 0 | D13: =B13+C13 | E13: 0 | F13: =IF(D13-E13>0, D13-E13, 0) | G13: Transfiere a Ignacio | H13: Pendiente
A14: Abuelo Coni | B14: =ROUND(IF('Consumo por Integrante'!B14="Sí", Compras!B$13 / 'Consumo por Integrante'!B$18, 0) + IF('Consumo por Integrante'!C14="Sí", Compras!C$13 / 'Consumo por Integrante'!C$18, 0) + IF('Consumo por Integrante'!D14="Sí", Compras!D$13 / 'Consumo por Integrante'!D$18, 0) + IF('Consumo por Integrante'!E14="Sí", Compras!E$13 / 'Consumo por Integrante'!E$18, 0) + IF('Consumo por Integrante'!F14="Sí", Compras!F$13 / 'Consumo por Integrante'!F$18, 0) + IF('Consumo por Integrante'!G14="Sí", Compras!G$13 / 'Consumo por Integrante'!G$18, 0) + IF('Consumo por Integrante'!H14="Sí", Compras!H$13 / 'Consumo por Integrante'!H$18, 0) + IF('Consumo por Integrante'!I14="Sí", Compras!I$13 / 'Consumo por Integrante'!I$18, 0) + IF('Consumo por Integrante'!J14="Sí", Compras!J$13 / 'Consumo por Integrante'!J$18, 0) + IF('Consumo por Integrante'!K14="Sí", Compras!K$13 / 'Consumo por Integrante'!K$18, 0) + IF('Consumo por Integrante'!L14="Sí", Compras!L$13 / 'Consumo por Integrante'!L$18, 0) + IF('Consumo por Integrante'!M14="Sí", Compras!M$13 / 'Consumo por Integrante'!M$18, 0) + IF('Consumo por Integrante'!N14="Sí", Compras!N$13 / 'Consumo por Integrante'!N$18, 0) + IF('Consumo por Integrante'!O14="Sí", Compras!O$13 / 'Consumo por Integrante'!O$18, 0) + IF('Consumo por Integrante'!P14="Sí", Compras!P$13 / 'Consumo por Integrante'!P$18, 0) + IF('Consumo por Integrante'!Q14="Sí", Compras!Q$13 / 'Consumo por Integrante'!Q$18, 0) + IF('Consumo por Integrante'!R14="Sí", Compras!R$13 / 'Consumo por Integrante'!R$18, 0) + IF('Consumo por Integrante'!S14="Sí", Compras!S$13 / 'Consumo por Integrante'!S$18, 0) + IF('Consumo por Integrante'!T14="Sí", Compras!T$13 / 'Consumo por Integrante'!T$18, 0), 0) | C14: 0 | D14: =B14+C14 | E14: 0 | F14: =IF(D14-E14>0, D14-E14, 0) | G14: Transfiere a Ignacio | H14: Pendiente
A15: Mamá Mauri | B15: =ROUND(IF('Consumo por Integrante'!B15="Sí", Compras!B$13 / 'Consumo por Integrante'!B$18, 0) + IF('Consumo por Integrante'!C15="Sí", Compras!C$13 / 'Consumo por Integrante'!C$18, 0) + IF('Consumo por Integrante'!D15="Sí", Compras!D$13 / 'Consumo por Integrante'!D$18, 0) + IF('Consumo por Integrante'!E15="Sí", Compras!E$13 / 'Consumo por Integrante'!E$18, 0) + IF('Consumo por Integrante'!F15="Sí", Compras!F$13 / 'Consumo por Integrante'!F$18, 0) + IF('Consumo por Integrante'!G15="Sí", Compras!G$13 / 'Consumo por Integrante'!G$18, 0) + IF('Consumo por Integrante'!H15="Sí", Compras!H$13 / 'Consumo por Integrante'!H$18, 0) + IF('Consumo por Integrante'!I15="Sí", Compras!I$13 / 'Consumo por Integrante'!I$18, 0) + IF('Consumo por Integrante'!J15="Sí", Compras!J$13 / 'Consumo por Integrante'!J$18, 0) + IF('Consumo por Integrante'!K15="Sí", Compras!K$13 / 'Consumo por Integrante'!K$18, 0) + IF('Consumo por Integrante'!L15="Sí", Compras!L$13 / 'Consumo por Integrante'!L$18, 0) + IF('Consumo por Integrante'!M15="Sí", Compras!M$13 / 'Consumo por Integrante'!M$18, 0) + IF('Consumo por Integrante'!N15="Sí", Compras!N$13 / 'Consumo por Integrante'!N$18, 0) + IF('Consumo por Integrante'!O15="Sí", Compras!O$13 / 'Consumo por Integrante'!O$18, 0) + IF('Consumo por Integrante'!P15="Sí", Compras!P$13 / 'Consumo por Integrante'!P$18, 0) + IF('Consumo por Integrante'!Q15="Sí", Compras!Q$13 / 'Consumo por Integrante'!Q$18, 0) + IF('Consumo por Integrante'!R15="Sí", Compras!R$13 / 'Consumo por Integrante'!R$18, 0) + IF('Consumo por Integrante'!S15="Sí", Compras!S$13 / 'Consumo por Integrante'!S$18, 0) + IF('Consumo por Integrante'!T15="Sí", Compras!T$13 / 'Consumo por Integrante'!T$18, 0), 0) | C15: 0 | D15: =B15+C15 | E15: 0 | F15: =IF(D15-E15>0, D15-E15, 0) | G15: Transfiere a Ignacio | H15: Pagado
A16: Papá Mauri | B16: =ROUND(IF('Consumo por Integrante'!B16="Sí", Compras!B$13 / 'Consumo por Integrante'!B$18, 0) + IF('Consumo por Integrante'!C16="Sí", Compras!C$13 / 'Consumo por Integrante'!C$18, 0) + IF('Consumo por Integrante'!D16="Sí", Compras!D$13 / 'Consumo por Integrante'!D$18, 0) + IF('Consumo por Integrante'!E16="Sí", Compras!E$13 / 'Consumo por Integrante'!E$18, 0) + IF('Consumo por Integrante'!F16="Sí", Compras!F$13 / 'Consumo por Integrante'!F$18, 0) + IF('Consumo por Integrante'!G16="Sí", Compras!G$13 / 'Consumo por Integrante'!G$18, 0) + IF('Consumo por Integrante'!H16="Sí", Compras!H$13 / 'Consumo por Integrante'!H$18, 0) + IF('Consumo por Integrante'!I16="Sí", Compras!I$13 / 'Consumo por Integrante'!I$18, 0) + IF('Consumo por Integrante'!J16="Sí", Compras!J$13 / 'Consumo por Integrante'!J$18, 0) + IF('Consumo por Integrante'!K16="Sí", Compras!K$13 / 'Consumo por Integrante'!K$18, 0) + IF('Consumo por Integrante'!L16="Sí", Compras!L$13 / 'Consumo por Integrante'!L$18, 0) + IF('Consumo por Integrante'!M16="Sí", Compras!M$13 / 'Consumo por Integrante'!M$18, 0) + IF('Consumo por Integrante'!N16="Sí", Compras!N$13 / 'Consumo por Integrante'!N$18, 0) + IF('Consumo por Integrante'!O16="Sí", Compras!O$13 / 'Consumo por Integrante'!O$18, 0) + IF('Consumo por Integrante'!P16="Sí", Compras!P$13 / 'Consumo por Integrante'!P$18, 0) + IF('Consumo por Integrante'!Q16="Sí", Compras!Q$13 / 'Consumo por Integrante'!Q$18, 0) + IF('Consumo por Integrante'!R16="Sí", Compras!R$13 / 'Consumo por Integrante'!R$18, 0) + IF('Consumo por Integrante'!S16="Sí", Compras!S$13 / 'Consumo por Integrante'!S$18, 0) + IF('Consumo por Integrante'!T16="Sí", Compras!T$13 / 'Consumo por Integrante'!T$18, 0), 0) | C16: 0 | D16: =B16+C16 | E16: 0 | F16: =IF(D16-E16>0, D16-E16, 0) | G16: Transfiere a Ignacio | H16: Pagado
A17: Franklin | B17: =ROUND(IF('Consumo por Integrante'!B17="Sí", Compras!B$13 / 'Consumo por Integrante'!B$18, 0) + IF('Consumo por Integrante'!C17="Sí", Compras!C$13 / 'Consumo por Integrante'!C$18, 0) + IF('Consumo por Integrante'!D17="Sí", Compras!D$13 / 'Consumo por Integrante'!D$18, 0) + IF('Consumo por Integrante'!E17="Sí", Compras!E$13 / 'Consumo por Integrante'!E$18, 0) + IF('Consumo por Integrante'!F17="Sí", Compras!F$13 / 'Consumo por Integrante'!F$18, 0) + IF('Consumo por Integrante'!G17="Sí", Compras!G$13 / 'Consumo por Integrante'!G$18, 0) + IF('Consumo por Integrante'!H17="Sí", Compras!H$13 / 'Consumo por Integrante'!H$18, 0) + IF('Consumo por Integrante'!I17="Sí", Compras!I$13 / 'Consumo por Integrante'!I$18, 0) + IF('Consumo por Integrante'!J17="Sí", Compras!J$13 / 'Consumo por Integrante'!J$18, 0) + IF('Consumo por Integrante'!K17="Sí", Compras!K$13 / 'Consumo por Integrante'!K$18, 0) + IF('Consumo por Integrante'!L17="Sí", Compras!L$13 / 'Consumo por Integrante'!L$18, 0) + IF('Consumo por Integrante'!M17="Sí", Compras!M$13 / 'Consumo por Integrante'!M$18, 0) + IF('Consumo por Integrante'!N17="Sí", Compras!N$13 / 'Consumo por Integrante'!N$18, 0) + IF('Consumo por Integrante'!O17="Sí", Compras!O$13 / 'Consumo por Integrante'!O$18, 0) + IF('Consumo por Integrante'!P17="Sí", Compras!P$13 / 'Consumo por Integrante'!P$18, 0) + IF('Consumo por Integrante'!Q17="Sí", Compras!Q$13 / 'Consumo por Integrante'!Q$18, 0) + IF('Consumo por Integrante'!R17="Sí", Compras!R$13 / 'Consumo por Integrante'!R$18, 0) + IF('Consumo por Integrante'!S17="Sí", Compras!S$13 / 'Consumo por Integrante'!S$18, 0) + IF('Consumo por Integrante'!T17="Sí", Compras!T$13 / 'Consumo por Integrante'!T$18, 0), 0) | C17: 0 | D17: =B17+C17 | E17: 0 | F17: =IF(D17-E17>0, D17-E17, 0) | G17: Transfiere a Ignacio | H17: Pagado
A18: Totales | B18: =SUM(B2:B17) | C18: =SUM(C2:C17) | D18: =SUM(D2:D17) | E18: =SUM(E2:E17) | F18: =SUMIF(G2:G17, "Transfiere a Ignacio", F2:F17) | G18: Total Recaudado por Ignacio
